<?xml version="1.0" encoding="UTF-8"?>
<lom xmlns="http://ltsc.ieee.org/xsd/LOM" xmlns:xsi="http://www.w3.org/2001/XMLSchema-instance" xsi:schemaLocation="http://ltsc.ieee.org/xsd/LOM lomCustom.xsd"><general uniqueElementName="general"><identifier><catalog uniqueElementName="catalog">Mi catálogo</catalog><entry uniqueElementName="entry">37684c25-44bf-4e3a-8229-f61803c11ea8</entry></identifier><title uniqueElementName="title"><string language="es">eXeLearning 2.1. Tutorial - Manual</string></title><language>es</language><description><string language="es">Conocimientos de HTML</string></description><description><string language="es">Introducción a eXeLearning 2.1. Manual, tutorial de la nueva versión de la herramienta</string></description><keyword><string language="es">exe</string></keyword><keyword><string language="es">exelearning</string></keyword><keyword><string language="es">manual</string></keyword><keyword><string language="es">tutorial</string></keyword><keyword><string language="es">exe 21</string></keyword><keyword><string language="es">exelearning 2.1</string></keyword><aggregationLevel uniqueElementName="aggregationLevel"><source uniqueElementName="source">LOM-ESv1.0</source><value uniqueElementName="value">3</value></aggregationLevel></general><lifeCycle uniqueElementName="lifeCycle"><contribute><role uniqueElementName="role"><source uniqueElementName="source">LOM-ESv1.0</source><value uniqueElementName="value">author</value></role><entity>BEGIN:VCARD VERSION:3.0 FN:Antonio Monje, a partir de las novedades de la nueva versión y basándose en documentación existente en eXeLearning.net EMAIL;TYPE=INTERNET: ORG: END:VCARD</entity><date uniqueElementName="date"><dateTime uniqueElementName="dateTime">2014-01-23T00:00:00.00+01:00</dateTime><description><string language="es">Fecha de creación de los metadatos</string></description></date></contribute></lifeCycle><metaMetadata uniqueElementName="metaMetadata"><contribute><role uniqueElementName="role"><source uniqueElementName="source">LOM-ESv1.0</source><value uniqueElementName="value">creator</value></role><entity>BEGIN:VCARD VERSION:3.0 FN:Antonio Monje, a partir de las novedades de la nueva versión y basándose en documentación existente en eXeLearning.net EMAIL;TYPE=INTERNET: ORG:CeDeC, Centro Nacional de Desarrollo Curricular en Sistemas No propietarios END:VCARD</entity><date uniqueElementName="date"><dateTime uniqueElementName="dateTime">2014-01-23T00:00:00.00+01:00</dateTime><description><string language="es">Fecha de creación de los metadatos</string></description></date></contribute><contribute><role uniqueElementName="role"><source uniqueElementName="source">LOM-ESv1.0</source><value uniqueElementName="value">creator</value></role><entity>BEGIN:VCARD VERSION:3.0 FN:Antonio Monje, a partir de las novedades de la nueva versión y basándose en documentación existente en eXeLearning.net EMAIL;TYPE=INTERNET: ORG: END:VCARD</entity><date uniqueElementName="date"><dateTime uniqueElementName="dateTime">2016-03-23T10:58:47.00+01:00</dateTime><description><string language="es">Fecha de creación de los metadatos</string></description></date></contribute><metadataSchema>LOM-ESv1.0</metadataSchema><language>es</language></metaMetadata><educational><learningResourceType><source uniqueElementName="source">LOM-ESv1.0</source><value uniqueElementName="value">self assessment</value></learningResourceType><interactivityLevel uniqueElementName="interactivityLevel"><source uniqueElementName="source">LOM-ESv1.0</source><value uniqueElementName="value">high</value></interactivityLevel><intendedEndUserRole><source uniqueElementName="source">LOM-ESv1.0</source><value uniqueElementName="value">learner</value></intendedEndUserRole><intendedEndUserRole><source uniqueElementName="source">LOM-ESv1.0</source><value uniqueElementName="value">group</value></intendedEndUserRole><context><source uniqueElementName="source">LOM-ESv1.0</source><value uniqueElementName="value">distance</value></context><context><source uniqueElementName="source">LOM-ESv1.0</source><value uniqueElementName="value">real environment</value></context><description><string language="es">CONOCIMIENTO PREVIO: Conocimientos de HTML</string></description><description><string language="es">OBJETIVOS: Iniciación a la herramienta</string></description><language>es</language></educational><rights uniqueElementName="rights"><copyrightAndOtherRestrictions uniqueElementName="copyrightAndOtherRestrictions"><source uniqueElementName="source">LOM-ESv1.0</source><value uniqueElementName="value">creative commons: attribution - share alike</value></copyrightAndOtherRestrictions><access uniqueElementName="access"><accessType uniqueElementName="accessType"><source uniqueElementName="source">LOM-ESv1.0</source><value uniqueElementName="value">universal</value></accessType><description><string language="es">Preestablecido</string></description></access></rights></lom>