<?xml version="1.0" encoding="UTF-8"?>
<!-- Generated by eXe - http://exelearning.net -->
<manifest identifier="eXeexe215778fe472276f845411" xmlns="http://www.imsproject.org/xsd/imscp_rootv1p1p2" xmlns:adlcp="http://www.adlnet.org/xsd/adlcp_rootv1p2" xmlns:imsmd="http://www.imsglobal.org/xsd/imsmd_v1p2" xmlns:xsi="http://www.w3.org/2001/XMLSchema-instance" xsi:schemaLocation="http://www.imsproject.org/xsd/imscp_rootv1p1p2 imscp_rootv1p1p2.xsd http://www.imsglobal.org/xsd/imsmd_rootv1p2p1 imsmd_rootv1p2p1.xsd http://www.adlnet.org/xsd/adlcp_rootv1p2 adlcp_rootv1p2.xsd" > 
<metadata> 
 <schema>ADL SCORM</schema> 
 <schemaversion>1.2</schemaversion> 
 <adlcp:location>imslrm.xml</adlcp:location> 
</metadata> 
<organizations default="eXeexe215778fe472276f845412">  
    <organization identifier="eXeexe215778fe472276f845412" structure="hierarchical">
        <title>eXeLearning 2.1. Tutorial - Manual</title>
<item identifier="ITEM-eXeexe215778fe472276f845413" isvisible="true" identifierref="RES-eXeexe215778fe472276f845414">
    <title>¿Qué es eXeLearning?</title>
<item identifier="ITEM-eXeexe215778fe472276f845415" isvisible="true" identifierref="RES-eXeexe215778fe472276f845416">
    <title>Introducción</title>
</item>
<item identifier="ITEM-eXeexe215778fe472276f845427" isvisible="true" identifierref="RES-eXeexe215778fe472276f845428">
    <title>Instalación</title>
<item identifier="ITEM-eXeexe215778fe472276f845429" isvisible="true" identifierref="RES-eXeexe215778fe472276f84542a">
    <title>GNU Linux</title>
</item>
<item identifier="ITEM-eXeexe215778fe472276f84542b" isvisible="true" identifierref="RES-eXeexe215778fe472276f84542c">
    <title>Windows</title>
</item>
<item identifier="ITEM-eXeexe215778fe472276f84542d" isvisible="true" identifierref="RES-eXeexe215778fe472276f84542e">
    <title>Macintosh</title>
</item>
</item>
<item identifier="ITEM-eXeexe215778fe472276f84543f" isvisible="true" identifierref="RES-eXeexe215778fe472276f8454310">
    <title>Entorno de trabajo</title>
</item>
<item identifier="ITEM-eXeexe215778fe472276f8454311" isvisible="true" identifierref="RES-eXeexe215778fe472276f8454312">
    <title>Estructura</title>
</item>
<item identifier="ITEM-eXeexe215778fe472276f8454313" isvisible="true" identifierref="RES-eXeexe215778fe472276f8454314">
    <title>Menú principal</title>
<item identifier="ITEM-eXeexe215778fe472276f8454315" isvisible="true" identifierref="RES-eXeexe215778fe472276f8454316">
    <title>Archivo</title>
</item>
<item identifier="ITEM-eXeexe215778fe472276f8454417" isvisible="true" identifierref="RES-eXeexe215778fe472276f8454418">
    <title>Utilidades</title>
</item>
<item identifier="ITEM-eXeexe215778fe472276f8454419" isvisible="true" identifierref="RES-eXeexe215778fe472276f845441a">
    <title>Estilos y Ayuda</title>
<item identifier="ITEM-eXeexe215778fe472276f845441b" isvisible="true" identifierref="RES-eXeexe215778fe472276f845441c">
    <title>Diseñador de estilos</title>
</item>
<item identifier="ITEM-eXeexe215778fe472276f845441d" isvisible="true" identifierref="RES-eXeexe215778fe472276f845441e">
    <title>Nuevos estilos</title>
</item>
<item identifier="ITEM-eXeexe215778fe472276f845451f" isvisible="true" identifierref="RES-eXeexe215778fe472276f8454520">
    <title>Gestor de estilos</title>
</item>
</item>
</item>
<item identifier="ITEM-eXeexe215778fe472276f8454521" isvisible="true" identifierref="RES-eXeexe215778fe472276f8454522">
    <title>iDevices y Área de trabajo</title>
</item>
<item identifier="ITEM-eXeexe215778fe472276f8454523" isvisible="true" identifierref="RES-eXeexe215778fe472276f8454524">
    <title>Editor de texto</title>
<item identifier="ITEM-eXeexe215778fe472276f8454625" isvisible="true" identifierref="RES-eXeexe215778fe472276f8454626">
    <title>Efectos FX: acordeon</title>
</item>
<item identifier="ITEM-eXeexe215778fe472276f8454627" isvisible="true" identifierref="RES-eXeexe215778fe472276f8454628">
    <title>Efectos FX: pestañas</title>
</item>
<item identifier="ITEM-eXeexe215778fe472276f8454729" isvisible="true" identifierref="RES-eXeexe215778fe472276f845472a">
    <title>Efectos FX: paginación</title>
</item>
<item identifier="ITEM-eXeexe215778fe472276f845472b" isvisible="true" identifierref="RES-eXeexe215778fe472276f845472c">
    <title>Efectos FX: carrusel</title>
</item>
<item identifier="ITEM-eXeexe215778fe472276f845472d" isvisible="true" identifierref="RES-eXeexe215778fe472276f845472e">
    <title>Efectos FX: línea de tiempo</title>
</item>
<item identifier="ITEM-eXeexe215778fe472276f845482f" isvisible="true" identifierref="RES-eXeexe215778fe472276f8454830">
    <title>Bocadillos (ToolTip)</title>
</item>
<item identifier="ITEM-eXeexe215778fe472276f8454831" isvisible="true" identifierref="RES-eXeexe215778fe472276f8454832">
    <title>Lista de definiciones</title>
</item>
<item identifier="ITEM-eXeexe215778fe472276f8454833" isvisible="true" identifierref="RES-eXeexe215778fe472276f8454834">
    <title>Citas con autoría</title>
</item>
<item identifier="ITEM-eXeexe215778fe472276f8454835" isvisible="true" identifierref="RES-eXeexe215778fe472276f8454836">
    <title>Hipervínculo (inclusión de información de ficheros)</title>
</item>
<item identifier="ITEM-eXeexe215778fe472276f8454837" isvisible="true" identifierref="RES-eXeexe215778fe472276f8454838">
    <title>Editor de código HTML</title>
</item>
<item identifier="ITEM-eXeexe215778fe472276f8454939" isvisible="true" identifierref="RES-eXeexe215778fe472276f845493a">
    <title>Adición de párrafo al final</title>
</item>
<item identifier="ITEM-eXeexe215778fe472276f845493b" isvisible="true" identifierref="RES-eXeexe215778fe472276f845493c">
    <title>Efectos Lightbox</title>
</item>
<item identifier="ITEM-eXeexe215778fe472276f845493d" isvisible="true" identifierref="RES-eXeexe215778fe472276f845493e">
    <title>Insertar HTML como texto</title>
</item>
<item identifier="ITEM-eXeexe215778fe472276f845493f" isvisible="true" identifierref="RES-eXeexe215778fe472276f8454940">
    <title>Listas con numeración automática</title>
</item>
<item identifier="ITEM-eXeexe215778fe472276f8454941" isvisible="true" identifierref="RES-eXeexe215778fe472276f8454942">
    <title>Añadir atributos (idioma) a partes de un párrafo</title>
</item>
<item identifier="ITEM-eXeexe215778fe472276f8454943" isvisible="true" identifierref="RES-eXeexe215778fe472276f8454944">
    <title>El ahorcado</title>
</item>
</item>
<item identifier="ITEM-eXeexe215778fe472276f8454945" isvisible="true" identifierref="RES-eXeexe215778fe472276f8454946">
    <title>iDevices</title>
<item identifier="ITEM-eXeexe215778fe472276f8454a47" isvisible="true" identifierref="RES-eXeexe215778fe472276f8454a48">
    <title>iDevices de información textual</title>
<item identifier="ITEM-eXeexe215778fe472276f8454a49" isvisible="true" identifierref="RES-eXeexe215778fe472276f8454a4a">
    <title>Texto libre</title>
</item>
<item identifier="ITEM-eXeexe215778fe472276f8454a4b" isvisible="true" identifierref="RES-eXeexe215778fe472276f8454a4c">
    <title>Objetivos</title>
</item>
<item identifier="ITEM-eXeexe215778fe472276f8454b4d" isvisible="true" identifierref="RES-eXeexe215778fe472276f8454b4e">
    <title>Conocimiento previo</title>
</item>
<item identifier="ITEM-eXeexe215778fe472276f8454b4f" isvisible="true" identifierref="RES-eXeexe215778fe472276f8454b50">
    <title>Nota</title>
</item>
</item>
<item identifier="ITEM-eXeexe215778fe472276f8454b51" isvisible="true" identifierref="RES-eXeexe215778fe472276f8454b52">
    <title>iDevices de actividades no interactivas</title>
<item identifier="ITEM-eXeexe215778fe472276f8454b53" isvisible="true" identifierref="RES-eXeexe215778fe472276f8454b54">
    <title>Actividad</title>
</item>
<item identifier="ITEM-eXeexe215778fe472276f8454b55" isvisible="true" identifierref="RES-eXeexe215778fe472276f8454b56">
    <title>Reflexión</title>
</item>
<item identifier="ITEM-eXeexe215778fe472276f8454c57" isvisible="true" identifierref="RES-eXeexe215778fe472276f8454c58">
    <title>Actividad de lectura</title>
</item>
<item identifier="ITEM-eXeexe215778fe472276f8454c59" isvisible="true" identifierref="RES-eXeexe215778fe472276f8454c5a">
    <title>Caso práctico</title>
</item>
</item>
<item identifier="ITEM-eXeexe215778fe472276f8454d5b" isvisible="true" identifierref="RES-eXeexe215778fe472276f8454d5c">
    <title>iDevices de actividades interactivas</title>
<item identifier="ITEM-eXeexe215778fe472276f8454d5d" isvisible="true" identifierref="RES-eXeexe215778fe472276f8454d5e">
    <title>Pregunta Verdadero-Falso</title>
</item>
<item identifier="ITEM-eXeexe215778fe472276f8454e5f" isvisible="true" identifierref="RES-eXeexe215778fe472276f8454e60">
    <title>Pregunta de elección múltiple</title>
</item>
<item identifier="ITEM-eXeexe215778fe472276f8454f61" isvisible="true" identifierref="RES-eXeexe215778fe472276f8454f62">
    <title>Pregunta de selección múltiple</title>
</item>
<item identifier="ITEM-eXeexe215778fe472276f8455063" isvisible="true" identifierref="RES-eXeexe215778fe472276f8455064">
    <title>Rellenar huecos</title>
</item>
<item identifier="ITEM-eXeexe215778fe472276f8455265" isvisible="true" identifierref="RES-eXeexe215778fe472276f8455266">
    <title>Actividad desplegable</title>
</item>
<item identifier="ITEM-eXeexe215778fe472276f8455367" isvisible="true" identifierref="RES-eXeexe215778fe472276f8455368">
    <title>Cuestionario Scorm</title>
    <adlcp:masteryscore>50</adlcp:masteryscore>
</item>
</item>
<item identifier="ITEM-eXeexe215778fe472276f8455469" isvisible="true" identifierref="RES-eXeexe215778fe472276f845546a">
    <title>iDevices de información no textual</title>
<item identifier="ITEM-eXeexe215778fe472276f845546b" isvisible="true" identifierref="RES-eXeexe215778fe472276f845546c">
    <title>Artículo de la Wikipedia</title>
</item>
<item identifier="ITEM-eXeexe215778fe472276f845546d" isvisible="true" identifierref="RES-eXeexe215778fe472276f845546e">
    <title>RSS</title>
</item>
<item identifier="ITEM-eXeexe215778fe472276f845556f" isvisible="true" identifierref="RES-eXeexe215778fe472276f8455570">
    <title>Sitio externo del web</title>
</item>
<item identifier="ITEM-eXeexe215778fe472276f8455571" isvisible="true" identifierref="RES-eXeexe215778fe472276f8455572">
    <title>Galería de imágenes</title>
</item>
<item identifier="ITEM-eXeexe215778fe472276f8455573" isvisible="true" identifierref="RES-eXeexe215778fe472276f8455574">
    <title>Lupa</title>
</item>
<item identifier="ITEM-eXeexe215778fe472276f8455675" isvisible="true" identifierref="RES-eXeexe215778fe472276f8455676">
    <title>Applet de Java</title>
</item>
<item identifier="ITEM-eXeexe215778fe472276f8455677" isvisible="true" identifierref="RES-eXeexe215778fe472276f8455678">
    <title>Ficheros adjuntos</title>
</item>
</item>
<item identifier="ITEM-eXeexe215778fe472276f8455779" isvisible="true" identifierref="RES-eXeexe215778fe472276f845577a">
    <title>Trucos</title>
<item identifier="ITEM-eXeexe215778fe472276f845577b" isvisible="true" identifierref="RES-eXeexe215778fe472276f845577c">
    <title>Mindomo</title>
</item>
<item identifier="ITEM-eXeexe215778fe472276f845577d" isvisible="true" identifierref="RES-eXeexe215778fe472276f845577e">
    <title>ISSUU</title>
</item>
<item identifier="ITEM-eXeexe215778fe472276f845577f" isvisible="true" identifierref="RES-eXeexe215778fe472276f8455780">
    <title>Geogebra</title>
</item>
<item identifier="ITEM-eXeexe215778fe472276f8455781" isvisible="true" identifierref="RES-eXeexe215778fe472276f8455782">
    <title>Descartes JS</title>
</item>
<item identifier="ITEM-eXeexe215778fe472276f8455783" isvisible="true" identifierref="RES-eXeexe215778fe472276f8455784">
    <title>Constructor 2.0</title>
</item>
<item identifier="ITEM-eXeexe215778fe472276f8455785" isvisible="true" identifierref="RES-eXeexe215778fe472276f8455786">
    <title>Scratch</title>
</item>
<item identifier="ITEM-eXeexe215778fe472276f8455787" isvisible="true" identifierref="RES-eXeexe215778fe472276f8455788">
    <title>Prezi</title>
</item>
<item identifier="ITEM-eXeexe215778fe472276f8455789" isvisible="true" identifierref="RES-eXeexe215778fe472276f845578a">
    <title>Slideshare</title>
</item>
<item identifier="ITEM-eXeexe215778fe472276f845578b" isvisible="true" identifierref="RES-eXeexe215778fe472276f845578c">
    <title>Presentación Google Drive</title>
</item>
<item identifier="ITEM-eXeexe215778fe472276f845578d" isvisible="true" identifierref="RES-eXeexe215778fe472276f845578e">
    <title>Documento Google Drive</title>
</item>
<item identifier="ITEM-eXeexe215778fe472276f845578f" isvisible="true" identifierref="RES-eXeexe215778fe472276f8455790">
    <title>EducaPlay</title>
</item>
<item identifier="ITEM-eXeexe215778fe472276f8455791" isvisible="true" identifierref="RES-eXeexe215778fe472276f8455792">
    <title>Cuadernia</title>
</item>
</item>
</item>
<item identifier="ITEM-eXeexe215778fe472276f8455793" isvisible="true" identifierref="RES-eXeexe215778fe472276f8455794">
    <title>Fusionar elps</title>
<item identifier="ITEM-eXeexe215778fe472276f8455895" isvisible="true" identifierref="RES-eXeexe215778fe472276f8455896">
    <title>Insertar paquete</title>
</item>
<item identifier="ITEM-eXeexe215778fe472276f8455897" isvisible="true" identifierref="RES-eXeexe215778fe472276f8455898">
    <title>Extraer paquete</title>
</item>
</item>
<item identifier="ITEM-eXeexe215778fe472276f8455999" isvisible="true" identifierref="RES-eXeexe215778fe472276f845599a">
    <title>Compartiendo los contenidos</title>
<item identifier="ITEM-eXeexe215778fe472276f845599b" isvisible="true" identifierref="RES-eXeexe215778fe472276f845599c">
    <title>Publicación en Procomún</title>
</item>
<item identifier="ITEM-eXeexe215778fe472276f845599d" isvisible="true" identifierref="RES-eXeexe215778fe472276f845599e">
    <title>Sitio web: carpeta autocontenida y html única</title>
</item>
<item identifier="ITEM-eXeexe215778fe472276f845599f" isvisible="true" identifierref="RES-eXeexe215778fe472276f84559a0">
    <title>Estándares educativos</title>
<item identifier="ITEM-eXeexe215778fe472276f84559a1" isvisible="true" identifierref="RES-eXeexe215778fe472276f84559a2">
    <title>Publicar en Moodle como SCORM 1.2</title>
</item>
<item identifier="ITEM-eXeexe215778fe472276f84559a3" isvisible="true" identifierref="RES-eXeexe215778fe472276f84559a4">
    <title>Publicar en Moodle como IMS (IMS CP)</title>
</item>
<item identifier="ITEM-eXeexe215778fe472276f84559a5" isvisible="true" identifierref="RES-eXeexe215778fe472276f84559a6">
    <title>Publicar en Moodle como HTML</title>
</item>
<item identifier="ITEM-eXeexe215778fe472276f84559a7" isvisible="true" identifierref="RES-eXeexe215778fe472276f84559a8">
    <title>Publicar en eScholarium como SCORM 1.2</title>
</item>
</item>
<item identifier="ITEM-eXeexe215778fe472276f8455aa9" isvisible="true" identifierref="RES-eXeexe215778fe472276f8455aaa">
    <title>EPUB 3</title>
</item>
</item>
</item>
  </organization>
</organizations>
<resources>
  <resource identifier="RES-eXeexe215778fe472276f845414" type="webcontent" adlcp:scormtype="sco" href="index.html"> 
    <file href="index.html"/> 
    <file href="exe_html5.js"/>
    <file href="exe_tooltips.js"/>
    <file href="jquery.qtip.min.css"/>
    <file href="jquery.qtip.min.js"/>
    <file href="imagesloaded.pkg.min.js"/>
    <dependency identifierref="COMMON_FILES"/>
  </resource>
  <resource identifier="RES-eXeexe215778fe472276f845416" type="webcontent" adlcp:scormtype="sco" href="introduccin.html"> 
    <file href="introduccin.html"/> 
    <file href="exe_html5.js"/>
    <file href="common.js"/>
    <dependency identifierref="COMMON_FILES"/>
  </resource>
  <resource identifier="RES-eXeexe215778fe472276f845428" type="webcontent" adlcp:scormtype="sco" href="instalacin.html"> 
    <file href="instalacin.html"/> 
    <file href="exe_html5.js"/>
    <file href="preferencias_corte.png"/>
    <file href="exe_tooltips.js"/>
    <file href="jquery.qtip.min.css"/>
    <file href="jquery.qtip.min.js"/>
    <file href="imagesloaded.pkg.min.js"/>
    <dependency identifierref="COMMON_FILES"/>
  </resource>
  <resource identifier="RES-eXeexe215778fe472276f84542a" type="webcontent" adlcp:scormtype="sco" href="gnu_linux.html"> 
    <file href="gnu_linux.html"/> 
    <file href="exe_html5.js"/>
    <file href="preferencias.1.png"/>
    <file href="common.js"/>
    <file href="exe_effects.js"/>
    <file href="exe_effects.css"/>
    <dependency identifierref="COMMON_FILES"/>
  </resource>
  <resource identifier="RES-eXeexe215778fe472276f84542c" type="webcontent" adlcp:scormtype="sco" href="windows.html"> 
    <file href="windows.html"/> 
    <file href="exe_html5.js"/>
    <file href="preferencias.1.png"/>
    <file href="common.js"/>
    <file href="exe_effects.js"/>
    <file href="exe_effects.css"/>
    <dependency identifierref="COMMON_FILES"/>
  </resource>
  <resource identifier="RES-eXeexe215778fe472276f84542e" type="webcontent" adlcp:scormtype="sco" href="macintosh.html"> 
    <file href="macintosh.html"/> 
    <file href="exe_html5.js"/>
    <file href="preferencias.1.png"/>
    <file href="common.js"/>
    <file href="exe_effects.js"/>
    <file href="exe_effects.css"/>
    <dependency identifierref="COMMON_FILES"/>
  </resource>
  <resource identifier="RES-eXeexe215778fe472276f8454310" type="webcontent" adlcp:scormtype="sco" href="entorno_de_trabajo.html"> 
    <file href="entorno_de_trabajo.html"/> 
    <file href="exe_html5.js"/>
    <file href="jquery-ui-1.10.2.custom.js"/>
    <file href="jquery.imagemapster.js"/>
    <file href="jquery-1.9.1.js"/>
    <file href="m1_entorno_de_trabajo.png"/>
    <dependency identifierref="COMMON_FILES"/>
  </resource>
  <resource identifier="RES-eXeexe215778fe472276f8454312" type="webcontent" adlcp:scormtype="sco" href="estructura.html"> 
    <file href="estructura.html"/> 
    <file href="exe_html5.js"/>
    <file href="flowplayer.controls.swf"/>
    <file href="estructura2.png"/>
    <file href="flowPlayer.swf"/>
    <file href="U1_A1.elp"/>
    <file href="common.js"/>
    <dependency identifierref="COMMON_FILES"/>
  </resource>
  <resource identifier="RES-eXeexe215778fe472276f8454314" type="webcontent" adlcp:scormtype="sco" href="men_principal.html"> 
    <file href="men_principal.html"/> 
    <file href="exe_html5.js"/>
    <file href="menuprincipal.png"/>
    <dependency identifierref="COMMON_FILES"/>
  </resource>
  <resource identifier="RES-eXeexe215778fe472276f8454316" type="webcontent" adlcp:scormtype="sco" href="archivo.html"> 
    <file href="archivo.html"/> 
    <file href="exe_html5.js"/>
    <file href="explorador_de_archivos.png"/>
    <file href="guardar.png"/>
    <file href="help.gif"/>
    <file href="common.js"/>
    <file href="nuevo.png"/>
    <file href="imprimir03.png"/>
    <file href="exe_tooltips.js"/>
    <file href="jquery.qtip.min.css"/>
    <file href="jquery.qtip.min.js"/>
    <file href="imagesloaded.pkg.min.js"/>
    <file href="exe_effects.js"/>
    <file href="exe_effects.css"/>
    <dependency identifierref="COMMON_FILES"/>
  </resource>
  <resource identifier="RES-eXeexe215778fe472276f8454418" type="webcontent" adlcp:scormtype="sco" href="utilidades.html"> 
    <file href="utilidades.html"/> 
    <file href="exe_html5.js"/>
    <file href="preferencias_avanzado.png"/>
    <file href="preferencias.1.png"/>
    <dependency identifierref="COMMON_FILES"/>
  </resource>
  <resource identifier="RES-eXeexe215778fe472276f845441a" type="webcontent" adlcp:scormtype="sco" href="estilos_y_ayuda.html"> 
    <file href="estilos_y_ayuda.html"/> 
    <file href="exe_html5.js"/>
    <file href="previsualizacionexeThumbnail.png"/>
    <file href="previsualizacionexe.png"/>
    <file href="htmlThumbnail.png"/>
    <file href="scorm.png"/>
    <file href="htmlunicoThumbnail.png"/>
    <file href="scormThumbnail.png"/>
    <file href="html.png"/>
    <file href="htmlunico.png"/>
    <file href="exe_tooltips.js"/>
    <file href="jquery.qtip.min.css"/>
    <file href="jquery.qtip.min.js"/>
    <file href="imagesloaded.pkg.min.js"/>
    <file href="exe_lightbox.css"/>
    <file href="exe_lightbox_sprite_next.png"/>
    <file href="exe_lightbox.js"/>
    <file href="exe_lightbox_default_thumb.png"/>
    <file href="exe_lightbox_sprite_x.png"/>
    <file href="exe_lightbox_sprite_y.png"/>
    <file href="exe_lightbox_sprite_prev.png"/>
    <file href="exe_lightbox_sprite.png"/>
    <file href="exe_lightbox_loader.gif"/>
    <dependency identifierref="COMMON_FILES"/>
  </resource>
  <resource identifier="RES-eXeexe215778fe472276f845441c" type="webcontent" adlcp:scormtype="sco" href="diseador_de_estilos.html"> 
    <file href="diseador_de_estilos.html"/> 
    <file href="exe_html5.js"/>
    <dependency identifierref="COMMON_FILES"/>
  </resource>
  <resource identifier="RES-eXeexe215778fe472276f845441e" type="webcontent" adlcp:scormtype="sco" href="nuevos_estilos.html"> 
    <file href="nuevos_estilos.html"/> 
    <file href="exe_html5.js"/>
    <file href="base_pThumbnail.png"/>
    <file href="kids_p.png"/>
    <file href="kids.png"/>
    <file href="baseThumbnail.png"/>
    <file href="standar.png"/>
    <file href="standar_p.png"/>
    <file href="standarThumbnail.png"/>
    <file href="kids_pThumbnail.png"/>
    <file href="base_p.png"/>
    <file href="base.png"/>
    <file href="standar_pThumbnail.png"/>
    <file href="kidsThumbnail.png"/>
    <file href="exe_lightbox.css"/>
    <file href="exe_lightbox_sprite_next.png"/>
    <file href="exe_lightbox.js"/>
    <file href="exe_lightbox_default_thumb.png"/>
    <file href="exe_lightbox_sprite_x.png"/>
    <file href="exe_lightbox_sprite_y.png"/>
    <file href="exe_lightbox_sprite_prev.png"/>
    <file href="exe_lightbox_sprite.png"/>
    <file href="exe_lightbox_loader.gif"/>
    <dependency identifierref="COMMON_FILES"/>
  </resource>
  <resource identifier="RES-eXeexe215778fe472276f8454520" type="webcontent" adlcp:scormtype="sco" href="gestor_de_estilos.html"> 
    <file href="gestor_de_estilos.html"/> 
    <file href="exe_html5.js"/>
    <file href="geststyle01.png"/>
    <file href="geststyle02.png"/>
    <file href="geststyle03.png"/>
    <file href="geststyle04.png"/>
    <file href="geststyle05.png"/>
    <file href="common.js"/>
    <file href="exe_tooltips.js"/>
    <file href="jquery.qtip.min.css"/>
    <file href="jquery.qtip.min.js"/>
    <file href="imagesloaded.pkg.min.js"/>
    <file href="exe_effects.js"/>
    <file href="exe_effects.css"/>
    <dependency identifierref="COMMON_FILES"/>
  </resource>
  <resource identifier="RES-eXeexe215778fe472276f8454522" type="webcontent" adlcp:scormtype="sco" href="idevices_y_rea_de_trabajo.html"> 
    <file href="idevices_y_rea_de_trabajo.html"/> 
    <file href="exe_html5.js"/>
    <file href="idevicesagrupa_(copia).png"/>
    <file href="m1scorm.png"/>
    <file href="help.gif"/>
    <file href="idevicesdesagrupa_(copia).png"/>
    <file href="common.js"/>
    <file href="exe_tooltips.js"/>
    <file href="jquery.qtip.min.css"/>
    <file href="jquery.qtip.min.js"/>
    <file href="imagesloaded.pkg.min.js"/>
    <dependency identifierref="COMMON_FILES"/>
  </resource>
  <resource identifier="RES-eXeexe215778fe472276f8454524" type="webcontent" adlcp:scormtype="sco" href="editor_de_texto.html"> 
    <file href="editor_de_texto.html"/> 
    <file href="exe_html5.js"/>
    <file href="copiar.jpg"/>
    <file href="EditorEcuaciones.png"/>
    <file href="unlink.gif"/>
    <file href="cortar.jpg"/>
    <file href="04SubSuper.png"/>
    <file href="multimedia.gif"/>
    <file href="tabla.png"/>
    <file href="table_delete_row6.gif"/>
    <file href="tachado.png"/>
    <file href="table_insert_row_after5.gif"/>
    <file href="fila1.png"/>
    <file href="fila3.png"/>
    <file href="reemplazar.jpg"/>
    <file href="Fuente.jpg"/>
    <file href="06Simbolo.png"/>
    <file href="01NegrCursSub.png"/>
    <file href="exe2.jpg"/>
    <file href="table_delete_col9.gif"/>
    <file href="imagen.gif"/>
    <file href="table_merge_cells11.gif"/>
    <file href="Familia_fuente.jpg"/>
    <file href="Vinetas.jpg"/>
    <file href="anchor.gif"/>
    <file href="pantalla.png"/>
    <file href="table_insert_row_before4.gif"/>
    <file href="fila2.png"/>
    <file href="pegar.jpg"/>
    <file href="formula.gif"/>
    <file href="table_cell_props3.gif"/>
    <file href="ins_cod.jpg"/>
    <file href="03Color.png"/>
    <file href="correctorortografico.png"/>
    <file href="table_insert_col_before7.gif"/>
    <file href="ins_cod_2.jpg"/>
    <file href="table_split_cells10.gif"/>
    <file href="borrar.jpg"/>
    <file href="Alineacion_parrafo.jpg"/>
    <file href="hecho.png"/>
    <file href="nuevodocumento.png"/>
    <file href="tabulador.jpg"/>
    <file href="table1.gif"/>
    <file href="pegar_texto.jpg"/>
    <file href="link.gif"/>
    <file href="buscar.jpg"/>
    <file href="table_row_props2.gif"/>
    <file href="exe.jpg"/>
    <file href="capas4.png"/>
    <file href="cita.png"/>
    <file href="table_insert_col_after8.gif"/>
    <file href="deshacerhacer.png"/>
    <file href="help.gif"/>
    <file href="Parrafo.jpg"/>
    <file href="formato.jpg"/>
    <file href="separadoo.png"/>
    <file href="pegar_word.jpg"/>
    <file href="exe_highlighter.css"/>
    <file href="exe_highlighter.js"/>
    <dependency identifierref="COMMON_FILES"/>
  </resource>
  <resource identifier="RES-eXeexe215778fe472276f8454626" type="webcontent" adlcp:scormtype="sco" href="efectos_fx_acordeon.html"> 
    <file href="efectos_fx_acordeon.html"/> 
    <file href="exe_html5.js"/>
    <file href="actividad_generica_estrella.png"/>
    <file href="fx.png"/>
    <file href="actividad_generica_exe.png"/>
    <file href="actividad_generica_engranaje.png"/>
    <file href="acordeon1.png"/>
    <file href="acordeon2.png"/>
    <file href="exe_lightbox.css"/>
    <file href="exe_lightbox_sprite_next.png"/>
    <file href="exe_lightbox.js"/>
    <file href="exe_lightbox_default_thumb.png"/>
    <file href="exe_lightbox_sprite_x.png"/>
    <file href="exe_lightbox_sprite_y.png"/>
    <file href="exe_lightbox_sprite_prev.png"/>
    <file href="exe_lightbox_sprite.png"/>
    <file href="exe_lightbox_loader.gif"/>
    <file href="exe_effects.js"/>
    <file href="exe_effects.css"/>
    <dependency identifierref="COMMON_FILES"/>
  </resource>
  <resource identifier="RES-eXeexe215778fe472276f8454628" type="webcontent" adlcp:scormtype="sco" href="efectos_fx_pestaas.html"> 
    <file href="efectos_fx_pestaas.html"/> 
    <file href="exe_html5.js"/>
    <file href="actividad_generica_estrella.png"/>
    <file href="fx.png"/>
    <file href="actividad_generica_exe.png"/>
    <file href="actividad_generica_engranaje.png"/>
    <file href="acordeon1.png"/>
    <file href="acordeon2.png"/>
    <file href="exe_lightbox.css"/>
    <file href="exe_lightbox_sprite_next.png"/>
    <file href="exe_lightbox.js"/>
    <file href="exe_lightbox_default_thumb.png"/>
    <file href="exe_lightbox_sprite_x.png"/>
    <file href="exe_lightbox_sprite_y.png"/>
    <file href="exe_lightbox_sprite_prev.png"/>
    <file href="exe_lightbox_sprite.png"/>
    <file href="exe_lightbox_loader.gif"/>
    <file href="exe_effects.js"/>
    <file href="exe_effects.css"/>
    <dependency identifierref="COMMON_FILES"/>
  </resource>
  <resource identifier="RES-eXeexe215778fe472276f845472a" type="webcontent" adlcp:scormtype="sco" href="efectos_fx_paginacin.html"> 
    <file href="efectos_fx_paginacin.html"/> 
    <file href="exe_html5.js"/>
    <file href="actividad_generica_estrella.png"/>
    <file href="fx.png"/>
    <file href="actividad_generica_exe.png"/>
    <file href="actividad_generica_engranaje.png"/>
    <file href="acordeon1.png"/>
    <file href="acordeon2.png"/>
    <file href="exe_lightbox.css"/>
    <file href="exe_lightbox_sprite_next.png"/>
    <file href="exe_lightbox.js"/>
    <file href="exe_lightbox_default_thumb.png"/>
    <file href="exe_lightbox_sprite_x.png"/>
    <file href="exe_lightbox_sprite_y.png"/>
    <file href="exe_lightbox_sprite_prev.png"/>
    <file href="exe_lightbox_sprite.png"/>
    <file href="exe_lightbox_loader.gif"/>
    <file href="exe_effects.js"/>
    <file href="exe_effects.css"/>
    <dependency identifierref="COMMON_FILES"/>
  </resource>
  <resource identifier="RES-eXeexe215778fe472276f845472c" type="webcontent" adlcp:scormtype="sco" href="efectos_fx_carrusel.html"> 
    <file href="efectos_fx_carrusel.html"/> 
    <file href="exe_html5.js"/>
    <file href="actividad_generica_estrella.png"/>
    <file href="fx.png"/>
    <file href="actividad_generica_exe.png"/>
    <file href="actividad_generica_engranaje.png"/>
    <file href="acordeon1.png"/>
    <file href="acordeon2.png"/>
    <file href="exe_lightbox.css"/>
    <file href="exe_lightbox_sprite_next.png"/>
    <file href="exe_lightbox.js"/>
    <file href="exe_lightbox_default_thumb.png"/>
    <file href="exe_lightbox_sprite_x.png"/>
    <file href="exe_lightbox_sprite_y.png"/>
    <file href="exe_lightbox_sprite_prev.png"/>
    <file href="exe_lightbox_sprite.png"/>
    <file href="exe_lightbox_loader.gif"/>
    <file href="exe_effects.js"/>
    <file href="exe_effects.css"/>
    <dependency identifierref="COMMON_FILES"/>
  </resource>
  <resource identifier="RES-eXeexe215778fe472276f845472e" type="webcontent" adlcp:scormtype="sco" href="efectos_fx_lnea_de_tiempo.html"> 
    <file href="efectos_fx_lnea_de_tiempo.html"/> 
    <file href="exe_html5.js"/>
    <file href="actividad_generica_estrella.png"/>
    <file href="fx.png"/>
    <file href="actividad_generica_exe.png"/>
    <file href="actividad_generica_engranaje.png"/>
    <file href="acordeon1.png"/>
    <file href="acordeon2.png"/>
    <file href="exe_lightbox.css"/>
    <file href="exe_lightbox_sprite_next.png"/>
    <file href="exe_lightbox.js"/>
    <file href="exe_lightbox_default_thumb.png"/>
    <file href="exe_lightbox_sprite_x.png"/>
    <file href="exe_lightbox_sprite_y.png"/>
    <file href="exe_lightbox_sprite_prev.png"/>
    <file href="exe_lightbox_sprite.png"/>
    <file href="exe_lightbox_loader.gif"/>
    <file href="exe_effects.js"/>
    <file href="exe_effects.css"/>
    <dependency identifierref="COMMON_FILES"/>
  </resource>
  <resource identifier="RES-eXeexe215778fe472276f8454830" type="webcontent" adlcp:scormtype="sco" href="bocadillos_tooltip.html"> 
    <file href="bocadillos_tooltip.html"/> 
    <file href="exe_html5.js"/>
    <file href="tooltipapariencia.png"/>
    <file href="tooltippagina.png"/>
    <file href="tooltiptexto.png"/>
    <file href="tooltipcomportamiento.png"/>
    <file href="tooltipdefinicion.png"/>
    <file href="exe_tooltips.js"/>
    <file href="jquery.qtip.min.css"/>
    <file href="jquery.qtip.min.js"/>
    <file href="imagesloaded.pkg.min.js"/>
    <file href="exe_lightbox.css"/>
    <file href="exe_lightbox_sprite_next.png"/>
    <file href="exe_lightbox.js"/>
    <file href="exe_lightbox_default_thumb.png"/>
    <file href="exe_lightbox_sprite_x.png"/>
    <file href="exe_lightbox_sprite_y.png"/>
    <file href="exe_lightbox_sprite_prev.png"/>
    <file href="exe_lightbox_sprite.png"/>
    <file href="exe_lightbox_loader.gif"/>
    <file href="exe_effects.js"/>
    <file href="exe_effects.css"/>
    <dependency identifierref="COMMON_FILES"/>
  </resource>
  <resource identifier="RES-eXeexe215778fe472276f8454832" type="webcontent" adlcp:scormtype="sco" href="lista_de_definiciones.html"> 
    <file href="lista_de_definiciones.html"/> 
    <file href="exe_html5.js"/>
    <dependency identifierref="COMMON_FILES"/>
  </resource>
  <resource identifier="RES-eXeexe215778fe472276f8454834" type="webcontent" adlcp:scormtype="sco" href="citas_con_autora.html"> 
    <file href="citas_con_autora.html"/> 
    <file href="exe_html5.js"/>
    <file href="citaautoria.png"/>
    <file href="cita_autoria.png"/>
    <dependency identifierref="COMMON_FILES"/>
  </resource>
  <resource identifier="RES-eXeexe215778fe472276f8454836" type="webcontent" adlcp:scormtype="sco" href="hipervnculo_inclusin_de_informacin_de_ficheros.html"> 
    <file href="hipervnculo_inclusin_de_informacin_de_ficheros.html"/> 
    <file href="exe_html5.js"/>
    <file href="hipervinculo.png"/>
    <file href="arrow.png"/>
    <file href="exe_tooltips.js"/>
    <file href="jquery.qtip.min.css"/>
    <file href="jquery.qtip.min.js"/>
    <file href="imagesloaded.pkg.min.js"/>
    <dependency identifierref="COMMON_FILES"/>
  </resource>
  <resource identifier="RES-eXeexe215778fe472276f8454838" type="webcontent" adlcp:scormtype="sco" href="editor_de_cdigo_html.html"> 
    <file href="editor_de_cdigo_html.html"/> 
    <file href="exe_html5.js"/>
    <file href="htmlbutton.png"/>
    <file href="htmlbutton04.png"/>
    <file href="htmlbutton05.png"/>
    <file href="htmlbutton00.png"/>
    <file href="htmlbutton01.png"/>
    <file href="htmlbutton02.png"/>
    <file href="htmlbutton03.png"/>
    <file href="exe_tooltips.js"/>
    <file href="jquery.qtip.min.css"/>
    <file href="jquery.qtip.min.js"/>
    <file href="imagesloaded.pkg.min.js"/>
    <file href="exe_lightbox.css"/>
    <file href="exe_lightbox_sprite_next.png"/>
    <file href="exe_lightbox.js"/>
    <file href="exe_lightbox_default_thumb.png"/>
    <file href="exe_lightbox_sprite_x.png"/>
    <file href="exe_lightbox_sprite_y.png"/>
    <file href="exe_lightbox_sprite_prev.png"/>
    <file href="exe_lightbox_sprite.png"/>
    <file href="exe_lightbox_loader.gif"/>
    <dependency identifierref="COMMON_FILES"/>
  </resource>
  <resource identifier="RES-eXeexe215778fe472276f845493a" type="webcontent" adlcp:scormtype="sco" href="adicin_de_prrafo_al_final.html"> 
    <file href="adicin_de_prrafo_al_final.html"/> 
    <file href="exe_html5.js"/>
    <file href="pend.png"/>
    <dependency identifierref="COMMON_FILES"/>
  </resource>
  <resource identifier="RES-eXeexe215778fe472276f845493c" type="webcontent" adlcp:scormtype="sco" href="efectos_lightbox.html"> 
    <file href="efectos_lightbox.html"/> 
    <file href="exe_html5.js"/>
    <file href="actividad_generica_exe.png"/>
    <file href="actividad_generica_engranaje.png"/>
    <file href="actividad_generica_estrella.png"/>
    <file href="exe_lightbox.css"/>
    <file href="exe_lightbox_sprite_next.png"/>
    <file href="exe_lightbox.js"/>
    <file href="exe_lightbox_default_thumb.png"/>
    <file href="exe_lightbox_sprite_x.png"/>
    <file href="exe_lightbox_sprite_y.png"/>
    <file href="exe_lightbox_sprite_prev.png"/>
    <file href="exe_lightbox_sprite.png"/>
    <file href="exe_lightbox_loader.gif"/>
    <file href="exe_effects.js"/>
    <file href="exe_effects.css"/>
    <file href="exe_highlighter.css"/>
    <file href="exe_highlighter.js"/>
    <dependency identifierref="COMMON_FILES"/>
  </resource>
  <resource identifier="RES-eXeexe215778fe472276f845493e" type="webcontent" adlcp:scormtype="sco" href="insertar_html_como_texto.html"> 
    <file href="insertar_html_como_texto.html"/> 
    <file href="exe_html5.js"/>
    <file href="botonhtmltexto.png"/>
    <file href="insertarhtmltexto.png"/>
    <file href="exe_effects.js"/>
    <file href="exe_effects.css"/>
    <file href="exe_highlighter.css"/>
    <file href="exe_highlighter.js"/>
    <dependency identifierref="COMMON_FILES"/>
  </resource>
  <resource identifier="RES-eXeexe215778fe472276f8454940" type="webcontent" adlcp:scormtype="sco" href="listas_con_numeracin_automtica.html"> 
    <file href="listas_con_numeracin_automtica.html"/> 
    <file href="exe_html5.js"/>
    <file href="ol_li.png"/>
    <dependency identifierref="COMMON_FILES"/>
  </resource>
  <resource identifier="RES-eXeexe215778fe472276f8454942" type="webcontent" adlcp:scormtype="sco" href="aadir_atributos_idioma_a_partes_de_un_prrafo.html"> 
    <file href="aadir_atributos_idioma_a_partes_de_un_prrafo.html"/> 
    <file href="exe_html5.js"/>
    <file href="attrs.png"/>
    <dependency identifierref="COMMON_FILES"/>
  </resource>
  <resource identifier="RES-eXeexe215778fe472276f8454944" type="webcontent" adlcp:scormtype="sco" href="el_ahorcado.html"> 
    <file href="el_ahorcado.html"/> 
    <file href="exe_html5.js"/>
    <file href="ahorcado.png"/>
    <file href="common.js"/>
    <file href="exe_games.js"/>
    <file href="exe_games.css"/>
    <dependency identifierref="COMMON_FILES"/>
  </resource>
  <resource identifier="RES-eXeexe215778fe472276f8454946" type="webcontent" adlcp:scormtype="sco" href="idevices.html"> 
    <file href="idevices.html"/> 
    <file href="exe_html5.js"/>
    <file href="idevicesagrupa_(copia).png"/>
    <file href="idevicesdesagrupa_(copia).png"/>
    <dependency identifierref="COMMON_FILES"/>
  </resource>
  <resource identifier="RES-eXeexe215778fe472276f8454a48" type="webcontent" adlcp:scormtype="sco" href="idevices_de_informacin_textual.html"> 
    <file href="idevices_de_informacin_textual.html"/> 
    <file href="exe_html5.js"/>
    <dependency identifierref="COMMON_FILES"/>
  </resource>
  <resource identifier="RES-eXeexe215778fe472276f8454a4a" type="webcontent" adlcp:scormtype="sco" href="texto_libre.html"> 
    <file href="texto_libre.html"/> 
    <file href="exe_html5.js"/>
    <file href="U2_A1.elp"/>
    <file href="textolibre.png"/>
    <file href="opcionesidevice.png"/>
    <file href="info.png"/>
    <file href="hecho.png"/>
    <file href="help.gif"/>
    <file href="common.js"/>
    <file href="botoneditar.png"/>
    <file href="exe_logo.png"/>
    <file href="exe_lightbox.css"/>
    <file href="exe_lightbox_sprite_next.png"/>
    <file href="exe_lightbox.js"/>
    <file href="exe_lightbox_default_thumb.png"/>
    <file href="exe_lightbox_sprite_x.png"/>
    <file href="exe_lightbox_sprite_y.png"/>
    <file href="exe_lightbox_sprite_prev.png"/>
    <file href="exe_lightbox_sprite.png"/>
    <file href="exe_lightbox_loader.gif"/>
    <dependency identifierref="COMMON_FILES"/>
  </resource>
  <resource identifier="RES-eXeexe215778fe472276f8454a4c" type="webcontent" adlcp:scormtype="sco" href="objetivos.html"> 
    <file href="objetivos.html"/> 
    <file href="exe_html5.js"/>
    <file href="opcionesidevice.png"/>
    <file href="info.png"/>
    <file href="help.gif"/>
    <file href="common.js"/>
    <file href="hecho.png"/>
    <file href="objetivos.png"/>
    <file href="exe_lightbox.css"/>
    <file href="exe_lightbox_sprite_next.png"/>
    <file href="exe_lightbox.js"/>
    <file href="exe_lightbox_default_thumb.png"/>
    <file href="exe_lightbox_sprite_x.png"/>
    <file href="exe_lightbox_sprite_y.png"/>
    <file href="exe_lightbox_sprite_prev.png"/>
    <file href="exe_lightbox_sprite.png"/>
    <file href="exe_lightbox_loader.gif"/>
    <dependency identifierref="COMMON_FILES"/>
  </resource>
  <resource identifier="RES-eXeexe215778fe472276f8454b4e" type="webcontent" adlcp:scormtype="sco" href="conocimiento_previo.html"> 
    <file href="conocimiento_previo.html"/> 
    <file href="exe_html5.js"/>
    <file href="actividad.png"/>
    <file href="opcionesidevice.png"/>
    <file href="info.png"/>
    <file href="help.gif"/>
    <file href="common.js"/>
    <file href="hecho.png"/>
    <file href="exe_lightbox.css"/>
    <file href="exe_lightbox_sprite_next.png"/>
    <file href="exe_lightbox.js"/>
    <file href="exe_lightbox_default_thumb.png"/>
    <file href="exe_lightbox_sprite_x.png"/>
    <file href="exe_lightbox_sprite_y.png"/>
    <file href="exe_lightbox_sprite_prev.png"/>
    <file href="exe_lightbox_sprite.png"/>
    <file href="exe_lightbox_loader.gif"/>
    <dependency identifierref="COMMON_FILES"/>
  </resource>
  <resource identifier="RES-eXeexe215778fe472276f8454b50" type="webcontent" adlcp:scormtype="sco" href="nota.html"> 
    <file href="nota.html"/> 
    <file href="exe_html5.js"/>
    <file href="notapre2.png"/>
    <file href="notapre1.png"/>
    <file href="hecho.png"/>
    <file href="nota.png"/>
    <file href="exe_lightbox.css"/>
    <file href="exe_lightbox_sprite_next.png"/>
    <file href="exe_lightbox.js"/>
    <file href="exe_lightbox_default_thumb.png"/>
    <file href="exe_lightbox_sprite_x.png"/>
    <file href="exe_lightbox_sprite_y.png"/>
    <file href="exe_lightbox_sprite_prev.png"/>
    <file href="exe_lightbox_sprite.png"/>
    <file href="exe_lightbox_loader.gif"/>
    <dependency identifierref="COMMON_FILES"/>
  </resource>
  <resource identifier="RES-eXeexe215778fe472276f8454b52" type="webcontent" adlcp:scormtype="sco" href="idevices_de_actividades_no_interactivas.html"> 
    <file href="idevices_de_actividades_no_interactivas.html"/> 
    <file href="exe_html5.js"/>
    <dependency identifierref="COMMON_FILES"/>
  </resource>
  <resource identifier="RES-eXeexe215778fe472276f8454b54" type="webcontent" adlcp:scormtype="sco" href="actividad.html"> 
    <file href="actividad.html"/> 
    <file href="exe_html5.js"/>
    <file href="actividad.png"/>
    <file href="220px-La_conduccion_de_un_sillar_o_La_obra.jpg"/>
    <file href="hecho.png"/>
    <file href="common.js"/>
    <file href="exe_lightbox.css"/>
    <file href="exe_lightbox_sprite_next.png"/>
    <file href="exe_lightbox.js"/>
    <file href="exe_lightbox_default_thumb.png"/>
    <file href="exe_lightbox_sprite_x.png"/>
    <file href="exe_lightbox_sprite_y.png"/>
    <file href="exe_lightbox_sprite_prev.png"/>
    <file href="exe_lightbox_sprite.png"/>
    <file href="exe_lightbox_loader.gif"/>
    <dependency identifierref="COMMON_FILES"/>
  </resource>
  <resource identifier="RES-eXeexe215778fe472276f8454b56" type="webcontent" adlcp:scormtype="sco" href="reflexin.html"> 
    <file href="reflexin.html"/> 
    <file href="exe_html5.js"/>
    <file href="reflexion.1.png"/>
    <file href="hecho.png"/>
    <file href="common.js"/>
    <dependency identifierref="COMMON_FILES"/>
  </resource>
  <resource identifier="RES-eXeexe215778fe472276f8454c58" type="webcontent" adlcp:scormtype="sco" href="actividad_de_lectura.html"> 
    <file href="actividad_de_lectura.html"/> 
    <file href="exe_html5.js"/>
    <file href="xspf_player.swf"/>
    <file href="actividaddelectura.png"/>
    <file href="quijote.mp3"/>
    <file href="hecho.png"/>
    <file href="common.js"/>
    <file href="exe_media_bigplay.svg"/>
    <file href="exe_media_flashPlayer.swf"/>
    <file href="exe_media_silverlightPlayer.xap"/>
    <file href="exe_media_controls.png"/>
    <file href="exe_media.js"/>
    <file href="exe_media_background.png"/>
    <file href="exe_media_loading.gif"/>
    <file href="exe_media_bigplay.png"/>
    <file href="exe_media.css"/>
    <file href="exe_media_controls.svg"/>
    <dependency identifierref="COMMON_FILES"/>
  </resource>
  <resource identifier="RES-eXeexe215778fe472276f8454c5a" type="webcontent" adlcp:scormtype="sco" href="caso_prctico.html"> 
    <file href="caso_prctico.html"/> 
    <file href="exe_html5.js"/>
    <file href="casopractico.png"/>
    <file href="hecho.png"/>
    <file href="common.js"/>
    <dependency identifierref="COMMON_FILES"/>
  </resource>
  <resource identifier="RES-eXeexe215778fe472276f8454d5c" type="webcontent" adlcp:scormtype="sco" href="idevices_de_actividades_interactivas.html"> 
    <file href="idevices_de_actividades_interactivas.html"/> 
    <file href="exe_html5.js"/>
    <dependency identifierref="COMMON_FILES"/>
  </resource>
  <resource identifier="RES-eXeexe215778fe472276f8454d5e" type="webcontent" adlcp:scormtype="sco" href="pregunta_verdaderofalso.html"> 
    <file href="pregunta_verdaderofalso.html"/> 
    <file href="exe_html5.js"/>
    <file href="verdaderofalso.png"/>
    <file href="panel-amusements.png"/>
    <file href="common.js"/>
    <file href="stock-stop.png"/>
    <file href="hecho.png"/>
    <file href="m1_entorno_de_trabajo.png"/>
    <dependency identifierref="COMMON_FILES"/>
  </resource>
  <resource identifier="RES-eXeexe215778fe472276f8454e60" type="webcontent" adlcp:scormtype="sco" href="pregunta_de_eleccin_mltiple.html"> 
    <file href="pregunta_de_eleccin_mltiple.html"/> 
    <file href="exe_html5.js"/>
    <file href="stock-stop.png"/>
    <file href="eleccionmultiple.png"/>
    <file href="hecho.png"/>
    <file href="panel-amusements.png"/>
    <file href="common.js"/>
    <dependency identifierref="COMMON_FILES"/>
  </resource>
  <resource identifier="RES-eXeexe215778fe472276f8454f62" type="webcontent" adlcp:scormtype="sco" href="pregunta_de_seleccin_mltiple.html"> 
    <file href="pregunta_de_seleccin_mltiple.html"/> 
    <file href="exe_html5.js"/>
    <file href="seleccionmultiple.png"/>
    <file href="hecho.png"/>
    <file href="common.js"/>
    <dependency identifierref="COMMON_FILES"/>
  </resource>
  <resource identifier="RES-eXeexe215778fe472276f8455064" type="webcontent" adlcp:scormtype="sco" href="rellenar_huecos.html"> 
    <file href="rellenar_huecos.html"/> 
    <file href="exe_html5.js"/>
    <file href="hecho.png"/>
    <file href="rellenarhuecos.png"/>
    <file href="common.js"/>
    <dependency identifierref="COMMON_FILES"/>
  </resource>
  <resource identifier="RES-eXeexe215778fe472276f8455266" type="webcontent" adlcp:scormtype="sco" href="actividad_desplegable.html"> 
    <file href="actividad_desplegable.html"/> 
    <file href="exe_html5.js"/>
    <file href="actividaddesplegable.png"/>
    <file href="hecho.png"/>
    <file href="common.js"/>
    <dependency identifierref="COMMON_FILES"/>
  </resource>
  <resource identifier="RES-eXeexe215778fe472276f8455368" type="webcontent" adlcp:scormtype="sco" href="cuestionario_scorm.html"> 
    <file href="cuestionario_scorm.html"/> 
    <file href="exe_html5.js"/>
    <file href="m1_scorm.png"/>
    <file href="hecho.png"/>
    <file href="common.js"/>
    <dependency identifierref="COMMON_FILES"/>
  </resource>
  <resource identifier="RES-eXeexe215778fe472276f845546a" type="webcontent" adlcp:scormtype="sco" href="idevices_de_informacin_no_textual.html"> 
    <file href="idevices_de_informacin_no_textual.html"/> 
    <file href="exe_html5.js"/>
    <file href="arrastrar.png"/>
    <file href="botoneditar.png"/>
    <dependency identifierref="COMMON_FILES"/>
  </resource>
  <resource identifier="RES-eXeexe215778fe472276f845546c" type="webcontent" adlcp:scormtype="sco" href="artculo_de_la_wikipedia.html"> 
    <file href="artculo_de_la_wikipedia.html"/> 
    <file href="exe_html5.js"/>
    <file href="common.js"/>
    <file href="hecho.png"/>
    <file href="wikipedia.png"/>
    <dependency identifierref="COMMON_FILES"/>
  </resource>
  <resource identifier="RES-eXeexe215778fe472276f845546e" type="webcontent" adlcp:scormtype="sco" href="rss.html"> 
    <file href="rss.html"/> 
    <file href="exe_html5.js"/>
    <file href="rss.png"/>
    <file href="hecho.png"/>
    <file href="common.js"/>
    <dependency identifierref="COMMON_FILES"/>
  </resource>
  <resource identifier="RES-eXeexe215778fe472276f8455570" type="webcontent" adlcp:scormtype="sco" href="sitio_externo_del_web.html"> 
    <file href="sitio_externo_del_web.html"/> 
    <file href="exe_html5.js"/>
    <file href="sitiowebexterno.png"/>
    <file href="hecho.png"/>
    <file href="common.js"/>
    <dependency identifierref="COMMON_FILES"/>
  </resource>
  <resource identifier="RES-eXeexe215778fe472276f8455572" type="webcontent" adlcp:scormtype="sco" href="galera_de_imgenes.html"> 
    <file href="galera_de_imgenes.html"/> 
    <file href="exe_html5.js"/>
    <file href="galeriaimagenes.png"/>
    <file href="web2bThumbnail.png"/>
    <file href="web2Thumbnail.png"/>
    <file href="common.js"/>
    <file href="web2b.jpg"/>
    <file href="web2.png"/>
    <file href="hecho.png"/>
    <file href="exe_lightbox.css"/>
    <file href="exe_lightbox_sprite_next.png"/>
    <file href="exe_lightbox.js"/>
    <file href="exe_lightbox_default_thumb.png"/>
    <file href="exe_lightbox_sprite_x.png"/>
    <file href="exe_lightbox_sprite_y.png"/>
    <file href="exe_lightbox_sprite_prev.png"/>
    <file href="exe_lightbox_sprite.png"/>
    <file href="exe_lightbox_loader.gif"/>
    <dependency identifierref="COMMON_FILES"/>
  </resource>
  <resource identifier="RES-eXeexe215778fe472276f8455574" type="webcontent" adlcp:scormtype="sco" href="lupa.html"> 
    <file href="lupa.html"/> 
    <file href="exe_html5.js"/>
    <file href="hecho.png"/>
    <file href="mojomagnify.js"/>
    <file href="common.js"/>
    <file href="guernica.jpg"/>
    <file href="lupa.png"/>
    <dependency identifierref="COMMON_FILES"/>
  </resource>
  <resource identifier="RES-eXeexe215778fe472276f8455676" type="webcontent" adlcp:scormtype="sco" href="applet_de_java.html"> 
    <file href="applet_de_java.html"/> 
    <file href="exe_html5.js"/>
    <file href="common.js"/>
    <file href="appletjava1.png"/>
    <file href="appletjava2.png"/>
    <file href="appletjava3.png"/>
    <file href="exe_lightbox.css"/>
    <file href="exe_lightbox_sprite_next.png"/>
    <file href="exe_lightbox.js"/>
    <file href="exe_lightbox_default_thumb.png"/>
    <file href="exe_lightbox_sprite_x.png"/>
    <file href="exe_lightbox_sprite_y.png"/>
    <file href="exe_lightbox_sprite_prev.png"/>
    <file href="exe_lightbox_sprite.png"/>
    <file href="exe_lightbox_loader.gif"/>
    <dependency identifierref="COMMON_FILES"/>
  </resource>
  <resource identifier="RES-eXeexe215778fe472276f8455678" type="webcontent" adlcp:scormtype="sco" href="ficheros_adjuntos.html"> 
    <file href="ficheros_adjuntos.html"/> 
    <file href="exe_html5.js"/>
    <file href="cedecevaluoexperienciadeaula.pdf"/>
    <file href="basesteoricasproyectoedia.odt"/>
    <file href="ficherosadjuntos.png"/>
    <file href="cedecdiariodelproyectolaguerra.pdf"/>
    <dependency identifierref="COMMON_FILES"/>
  </resource>
  <resource identifier="RES-eXeexe215778fe472276f845577a" type="webcontent" adlcp:scormtype="sco" href="trucos.html"> 
    <file href="trucos.html"/> 
    <file href="exe_html5.js"/>
    <file href="iframe.jpg"/>
    <dependency identifierref="COMMON_FILES"/>
  </resource>
  <resource identifier="RES-eXeexe215778fe472276f845577c" type="webcontent" adlcp:scormtype="sco" href="mindomo.html"> 
    <file href="mindomo.html"/> 
    <file href="exe_html5.js"/>
    <dependency identifierref="COMMON_FILES"/>
  </resource>
  <resource identifier="RES-eXeexe215778fe472276f845577e" type="webcontent" adlcp:scormtype="sco" href="issuu.html"> 
    <file href="issuu.html"/> 
    <file href="exe_html5.js"/>
    <dependency identifierref="COMMON_FILES"/>
  </resource>
  <resource identifier="RES-eXeexe215778fe472276f8455780" type="webcontent" adlcp:scormtype="sco" href="geogebra.html"> 
    <file href="geogebra.html"/> 
    <file href="exe_html5.js"/>
    <dependency identifierref="COMMON_FILES"/>
  </resource>
  <resource identifier="RES-eXeexe215778fe472276f8455782" type="webcontent" adlcp:scormtype="sco" href="descartes_js.html"> 
    <file href="descartes_js.html"/> 
    <file href="exe_html5.js"/>
    <dependency identifierref="COMMON_FILES"/>
  </resource>
  <resource identifier="RES-eXeexe215778fe472276f8455784" type="webcontent" adlcp:scormtype="sco" href="constructor_20.html"> 
    <file href="constructor_20.html"/> 
    <file href="exe_html5.js"/>
    <dependency identifierref="COMMON_FILES"/>
  </resource>
  <resource identifier="RES-eXeexe215778fe472276f8455786" type="webcontent" adlcp:scormtype="sco" href="scratch.html"> 
    <file href="scratch.html"/> 
    <file href="exe_html5.js"/>
    <dependency identifierref="COMMON_FILES"/>
  </resource>
  <resource identifier="RES-eXeexe215778fe472276f8455788" type="webcontent" adlcp:scormtype="sco" href="prezi.html"> 
    <file href="prezi.html"/> 
    <file href="exe_html5.js"/>
    <dependency identifierref="COMMON_FILES"/>
  </resource>
  <resource identifier="RES-eXeexe215778fe472276f845578a" type="webcontent" adlcp:scormtype="sco" href="slideshare.html"> 
    <file href="slideshare.html"/> 
    <file href="exe_html5.js"/>
    <dependency identifierref="COMMON_FILES"/>
  </resource>
  <resource identifier="RES-eXeexe215778fe472276f845578c" type="webcontent" adlcp:scormtype="sco" href="presentacin_google_drive.html"> 
    <file href="presentacin_google_drive.html"/> 
    <file href="exe_html5.js"/>
    <dependency identifierref="COMMON_FILES"/>
  </resource>
  <resource identifier="RES-eXeexe215778fe472276f845578e" type="webcontent" adlcp:scormtype="sco" href="documento_google_drive.html"> 
    <file href="documento_google_drive.html"/> 
    <file href="exe_html5.js"/>
    <dependency identifierref="COMMON_FILES"/>
  </resource>
  <resource identifier="RES-eXeexe215778fe472276f8455790" type="webcontent" adlcp:scormtype="sco" href="educaplay.html"> 
    <file href="educaplay.html"/> 
    <file href="exe_html5.js"/>
    <dependency identifierref="COMMON_FILES"/>
  </resource>
  <resource identifier="RES-eXeexe215778fe472276f8455792" type="webcontent" adlcp:scormtype="sco" href="cuadernia.html"> 
    <file href="cuadernia.html"/> 
    <file href="exe_html5.js"/>
    <dependency identifierref="COMMON_FILES"/>
  </resource>
  <resource identifier="RES-eXeexe215778fe472276f8455794" type="webcontent" adlcp:scormtype="sco" href="fusionar_elps.html"> 
    <file href="fusionar_elps.html"/> 
    <file href="exe_html5.js"/>
    <file href="common.js"/>
    <dependency identifierref="COMMON_FILES"/>
  </resource>
  <resource identifier="RES-eXeexe215778fe472276f8455896" type="webcontent" adlcp:scormtype="sco" href="insertar_paquete.html"> 
    <file href="insertar_paquete.html"/> 
    <file href="exe_html5.js"/>
    <file href="insertarpaquete.png"/>
    <file href="common.js"/>
    <dependency identifierref="COMMON_FILES"/>
  </resource>
  <resource identifier="RES-eXeexe215778fe472276f8455898" type="webcontent" adlcp:scormtype="sco" href="extraer_paquete.html"> 
    <file href="extraer_paquete.html"/> 
    <file href="exe_html5.js"/>
    <file href="extraerpaquete.png"/>
    <file href="common.js"/>
    <dependency identifierref="COMMON_FILES"/>
  </resource>
  <resource identifier="RES-eXeexe215778fe472276f845599a" type="webcontent" adlcp:scormtype="sco" href="compartiendo_los_contenidos.html"> 
    <file href="compartiendo_los_contenidos.html"/> 
    <file href="exe_html5.js"/>
    <dependency identifierref="COMMON_FILES"/>
  </resource>
  <resource identifier="RES-eXeexe215778fe472276f845599c" type="webcontent" adlcp:scormtype="sco" href="publicacin_en_procomn.html"> 
    <file href="publicacin_en_procomn.html"/> 
    <file href="exe_html5.js"/>
    <file href="exe_tooltips.js"/>
    <file href="jquery.qtip.min.css"/>
    <file href="jquery.qtip.min.js"/>
    <file href="imagesloaded.pkg.min.js"/>
    <dependency identifierref="COMMON_FILES"/>
  </resource>
  <resource identifier="RES-eXeexe215778fe472276f845599e" type="webcontent" adlcp:scormtype="sco" href="sitio_web_carpeta_autocontenida_y_html_nica.html"> 
    <file href="sitio_web_carpeta_autocontenida_y_html_nica.html"/> 
    <file href="exe_html5.js"/>
    <file href="copartirenlacepublico.png"/>
    <file href="new_logo.png"/>
    <dependency identifierref="COMMON_FILES"/>
  </resource>
  <resource identifier="RES-eXeexe215778fe472276f84559a0" type="webcontent" adlcp:scormtype="sco" href="estndares_educativos.html"> 
    <file href="estndares_educativos.html"/> 
    <file href="exe_html5.js"/>
    <dependency identifierref="COMMON_FILES"/>
  </resource>
  <resource identifier="RES-eXeexe215778fe472276f84559a2" type="webcontent" adlcp:scormtype="sco" href="publicar_en_moodle_como_scorm_12.html"> 
    <file href="publicar_en_moodle_como_scorm_12.html"/> 
    <file href="exe_html5.js"/>
    <dependency identifierref="COMMON_FILES"/>
  </resource>
  <resource identifier="RES-eXeexe215778fe472276f84559a4" type="webcontent" adlcp:scormtype="sco" href="publicar_en_moodle_como_ims_ims_cp.html"> 
    <file href="publicar_en_moodle_como_ims_ims_cp.html"/> 
    <file href="exe_html5.js"/>
    <dependency identifierref="COMMON_FILES"/>
  </resource>
  <resource identifier="RES-eXeexe215778fe472276f84559a6" type="webcontent" adlcp:scormtype="sco" href="publicar_en_moodle_como_html.html"> 
    <file href="publicar_en_moodle_como_html.html"/> 
    <file href="exe_html5.js"/>
    <dependency identifierref="COMMON_FILES"/>
  </resource>
  <resource identifier="RES-eXeexe215778fe472276f84559a8" type="webcontent" adlcp:scormtype="sco" href="publicar_en_escholarium_como_scorm_12.html"> 
    <file href="publicar_en_escholarium_como_scorm_12.html"/> 
    <file href="exe_html5.js"/>
    <file href="common.js"/>
    <dependency identifierref="COMMON_FILES"/>
  </resource>
  <resource identifier="RES-eXeexe215778fe472276f8455aaa" type="webcontent" adlcp:scormtype="sco" href="epub_3.html"> 
    <file href="epub_3.html"/> 
    <file href="exe_html5.js"/>
    <dependency identifierref="COMMON_FILES"/>
  </resource>
  <resource identifier="COMMON_FILES" type="webcontent" adlcp:scormtype="asset">
    <file href="icon_explore_black.png"/>
    <file href="icon_wifi_white.png"/>
    <file href="config.xml"/>
    <file href="icon_assignment_list_white.png"/>
    <file href="icon_alarm_black.png"/>
    <file href="icon_assignment_white.png"/>
    <file href="icon_note.png"/>
    <file href="icon_assessment_white.png"/>
    <file href="icon_account_black.png"/>
    <file href="_style_licenses.png"/>
    <file href="icon_question_white.png"/>
    <file href="icon_event_white.png"/>
    <file href="icon_assessment.png"/>
    <file href="icon_announcement.png"/>
    <file href="icon_unread.png"/>
    <file href="icon_explore_white.png"/>
    <file href="icon_exit_black.png"/>
    <file href="icon_renew_black.png"/>
    <file href="icon_alarm_white.png"/>
    <file href="icon_renew.png"/>
    <file href="content.css"/>
    <file href="icon_puzzle_black.png"/>
    <file href="icon_assignment_list.png"/>
    <file href="icon_announcement_black.png"/>
    <file href="icon_note_black.png"/>
    <file href="icon_description_black.png"/>
    <file href="icon_wifi.png"/>
    <file href="icon_description.png"/>
    <file href="icon_backup_black.png"/>
    <file href="icon_camera_black.png"/>
    <file href="icon_account_white.png"/>
    <file href="icon_media_black.png"/>
    <file href="icon_search_black.png"/>
    <file href="icon_unread_black.png"/>
    <file href="icon_puzzle.png"/>
    <file href="icon_exit_white.png"/>
    <file href="_style_input_radio.png"/>
    <file href="icon_star_black.png"/>
    <file href="icon_backup.png"/>
    <file href="icon_renew_white.png"/>
    <file href="icon_account.png"/>
    <file href="_style_js.js"/>
    <file href="icon_puzzle_white.png"/>
    <file href="icon_announcement_white.png"/>
    <file href="icon_download_black.png"/>
    <file href="icon_event.png"/>
    <file href="icon_note_white.png"/>
    <file href="icon_description_white.png"/>
    <file href="icon_backup_white.png"/>
    <file href="icon_camera_white.png"/>
    <file href="icon_media_white.png"/>
    <file href="_style_input_checkbox.png"/>
    <file href="icon_search.png"/>
    <file href="nav.css"/>
    <file href="icon_unread_white.png"/>
    <file href="icon_search_white.png"/>
    <file href="icon_question.png"/>
    <file href="icon_info_black.png"/>
    <file href="_style_icons_black.png"/>
    <file href="icon_star_white.png"/>
    <file href="_style_icons.png"/>
    <file href="icon_download_white.png"/>
    <file href="icon_media.png"/>
    <file href="icon_wifi_black.png"/>
    <file href="icon_download.png"/>
    <file href="icon_assignment_list_black.png"/>
    <file href="icon_star.png"/>
    <file href="icon_explore.png"/>
    <file href="icon_info_white.png"/>
    <file href="_style_icons_white.png"/>
    <file href="icon_assignment_black.png"/>
    <file href="icon_exit.png"/>
    <file href="icon_assessment_black.png"/>
    <file href="icon_camera.png"/>
    <file href="icon_question_black.png"/>
    <file href="icon_event_black.png"/>
    <file href="icon_info.png"/>
    <file href="icon_assignment.png"/>
    <file href="icon_alarm.png"/>
    <file href="base.css"/>
    <file href="popup_bg.gif"/>
    <file href="SCORM_API_wrapper.js"/>
    <file href="SCOFunctions.js"/>
    <file href="exe_jquery.js"/>
  </resource>
</resources>
</manifest>
