<?xml version="1.0" encoding="UTF-8"?>
        <!-- Generated by eXe - http://exelearning.net -->
        <manifest identifier="eXetema015778fe47223810f12e1" 
        xmlns="http://www.imsglobal.org/xsd/imscp_v1p1"
        xmlns:imsmd="http://www.imsglobal.org/xsd/imsmd_v1p2" 
        xmlns:xsi="http://www.w3.org/2001/XMLSchema-instance"
        xmlns:lom="http://ltsc.ieee.org/xsd/LOM"
        
 xsi:schemaLocation="http://www.imsglobal.org/xsd/imscp_v1p1 imscp_v1p1.xsd http://www.imsglobal.org/xsd/imsmd_v1p2 imsmd_v1p2p2.xsd"> 
<metadata> 
 <schema>IMS Content</schema> 
 <schemaversion>1.1.3</schemaversion> 
 <lom:lom><lom:general uniqueElementName="general"><lom:identifier><lom:catalog uniqueElementName="catalog">Mi catálogo</lom:catalog><lom:entry uniqueElementName="entry">999750a2-ef9e-48f1-b75b-34f6177897db</lom:entry></lom:identifier><lom:title><lom:string language="es">tema01</lom:string></lom:title><lom:language>es</lom:language><lom:aggregationLevel uniqueElementName="aggregationLevel"><lom:source uniqueElementName="source">LOM-ESv1.0</lom:source><lom:value uniqueElementName="value">2</lom:value></lom:aggregationLevel></lom:general><lom:metaMetadata uniqueElementName="metaMetadata"><lom:metadataSchema>LOM-ESv1.0</lom:metadataSchema><lom:language>es</lom:language></lom:metaMetadata><lom:educational><lom:language>es</lom:language></lom:educational><lom:rights uniqueElementName="rights"><lom:access uniqueElementName="access"><lom:accessType uniqueElementName="accessType"><lom:source uniqueElementName="source">LOM-ESv1.0</lom:source><lom:value uniqueElementName="value">universal</lom:value></lom:accessType><lom:description><lom:string language="es">Preestablecido</lom:string></lom:description></lom:access></lom:rights></lom:lom>
</metadata> 
<organizations default="eXetema015778fe47223810f12e2">  
<organization identifier="eXetema015778fe47223810f12e2" structure="hierarchical">  
<title>Unidad 01: Lenguajes de Marcas</title>
<item identifier="ITEM-eXetema015778fe47223810f12e3" isvisible="true" identifierref="RES-eXetema015778fe47223810f12e4">
    <title>Unidad 01: Lenguajes de Marcas</title>
<item identifier="ITEM-eXetema015778fe47223810f12e5" isvisible="true" identifierref="RES-eXetema015778fe47223810f12e6">
    <title>Antes de comenzar...</title>
</item>
<item identifier="ITEM-eXetema015778fe47223810f12f7" isvisible="true" identifierref="RES-eXetema015778fe47223810f12f8">
    <title>Introducción</title>
<item identifier="ITEM-eXetema015778fe47223810f12f9" isvisible="true" identifierref="RES-eXetema015778fe47223810f12fa">
    <title>Concepto</title>
</item>
<item identifier="ITEM-eXetema015778fe47223810f12fb" isvisible="true" identifierref="RES-eXetema015778fe47223810f12fc">
    <title>Características generales</title>
</item>
<item identifier="ITEM-eXetema015778fe47223810f12fd" isvisible="true" identifierref="RES-eXetema015778fe47223810f12fe">
    <title>Ventajas para el tratamiento de la información</title>
</item>
</item>
<item identifier="ITEM-eXetema015778fe47223810f12ff" isvisible="true" identifierref="RES-eXetema015778fe47223810f12f10">
    <title>Identificación y clasificación</title>
<item identifier="ITEM-eXetema015778fe47223810f12f11" isvisible="true" identifierref="RES-eXetema015778fe47223810f12f12">
    <title>Clasificación</title>
</item>
<item identifier="ITEM-eXetema015778fe47223810f12f13" isvisible="true" identifierref="RES-eXetema015778fe47223810f12f14">
    <title>Utilización en distintos ámbitos</title>
</item>
<item identifier="ITEM-eXetema015778fe47223810f13015" isvisible="true" identifierref="RES-eXetema015778fe47223810f13016">
    <title>Ejemplos de lenguajes de marcas</title>
<item identifier="ITEM-eXetema015778fe47223810f13017" isvisible="true" identifierref="RES-eXetema015778fe47223810f13018">
    <title>HTML</title>
</item>
<item identifier="ITEM-eXetema015778fe47223810f13019" isvisible="true" identifierref="RES-eXetema015778fe47223810f1301a">
    <title>XML</title>
</item>
<item identifier="ITEM-eXetema015778fe47223810f1301b" isvisible="true" identifierref="RES-eXetema015778fe47223810f1301c">
    <title>XHTML</title>
</item>
<item identifier="ITEM-eXetema015778fe47223810f1301d" isvisible="true" identifierref="RES-eXetema015778fe47223810f1301e">
    <title>JSON</title>
</item>
</item>
</item>
<item identifier="ITEM-eXetema015778fe47223810f1301f" isvisible="true" identifierref="RES-eXetema015778fe47223810f13020">
    <title>XML</title>
<item identifier="ITEM-eXetema015778fe47223810f13021" isvisible="true" identifierref="RES-eXetema015778fe47223810f13022">
    <title>Características y etiquetas</title>
</item>
<item identifier="ITEM-eXetema015778fe47223810f13023" isvisible="true" identifierref="RES-eXetema015778fe47223810f13024">
    <title>XML está "bien formado"</title>
</item>
<item identifier="ITEM-eXetema015778fe47223810f13025" isvisible="true" identifierref="RES-eXetema015778fe47223810f13026">
    <title>XML es jerárquico</title>
</item>
<item identifier="ITEM-eXetema015778fe47223810f13027" isvisible="true" identifierref="RES-eXetema015778fe47223810f13028">
    <title>Espacios de nombres</title>
</item>
<item identifier="ITEM-eXetema015778fe47223810f13029" isvisible="true" identifierref="RES-eXetema015778fe47223810f1302a">
    <title>Declaración de un documento</title>
</item>
<item identifier="ITEM-eXetema015778fe47223810f1302b" isvisible="true" identifierref="RES-eXetema015778fe47223810f1302c">
    <title>Tecnologías XML</title>
</item>
<item identifier="ITEM-eXetema015778fe47223810f1312d" isvisible="true" identifierref="RES-eXetema015778fe47223810f1312e">
    <title>Herramientas de edición</title>
</item>
<item identifier="ITEM-eXetema015778fe47223810f1312f" isvisible="true" identifierref="RES-eXetema015778fe47223810f13130">
    <title>Esquemas XML</title>
<item identifier="ITEM-eXetema015778fe47223810f13131" isvisible="true" identifierref="RES-eXetema015778fe47223810f13132">
    <title>DTD</title>
</item>
<item identifier="ITEM-eXetema015778fe47223810f13133" isvisible="true" identifierref="RES-eXetema015778fe47223810f13134">
    <title>XMLSchema</title>
</item>
</item>
</item>
<item identifier="ITEM-eXetema015778fe47223810f13135" isvisible="true" identifierref="RES-eXetema015778fe47223810f13136">
    <title>JSON</title>
<item identifier="ITEM-eXetema015778fe47223810f13137" isvisible="true" identifierref="RES-eXetema015778fe47223810f13138">
    <title>Conceptos y terminología</title>
</item>
<item identifier="ITEM-eXetema015778fe47223810f13139" isvisible="true" identifierref="RES-eXetema015778fe47223810f1313a">
    <title>Estructuras JSON</title>
<item identifier="ITEM-eXetema015778fe47223810f1313b" isvisible="true" identifierref="RES-eXetema015778fe47223810f1313c">
    <title>Objetos de datos (clave:valor)</title>
</item>
<item identifier="ITEM-eXetema015778fe47223810f1313d" isvisible="true" identifierref="RES-eXetema015778fe47223810f1313e">
    <title>Arrays de datos</title>
</item>
</item>
<item identifier="ITEM-eXetema015778fe47223810f1323f" isvisible="true" identifierref="RES-eXetema015778fe47223810f13240">
    <title>JSON Schema</title>
</item>
</item>
<item identifier="ITEM-eXetema015778fe47223810f13241" isvisible="true" identifierref="RES-eXetema015778fe47223810f13242">
    <title>Autoevaluación</title>
</item>
</item>
</organization>
</organizations>
<resources>
<resource identifier="RES-eXetema015778fe47223810f12e4" type="webcontent" href="index.html"> 
    <file href="index.html"/>
    <file href="base.css"/>
    <file href="content.css"/>
    <file href="exe_jquery.js"/>
    <file href="common.js"/>
</resource>
<resource identifier="RES-eXetema015778fe47223810f12e6" type="webcontent" href="antes_de_comenzar.html"> 
    <file href="antes_de_comenzar.html"/>
    <file href="base.css"/>
    <file href="content.css"/>
    <file href="exe_jquery.js"/>
    <file href="common.js"/>
</resource>
<resource identifier="RES-eXetema015778fe47223810f12f8" type="webcontent" href="introduccin.html"> 
    <file href="introduccin.html"/>
    <file href="base.css"/>
    <file href="content.css"/>
    <file href="exe_jquery.js"/>
    <file href="common.js"/>
</resource>
<resource identifier="RES-eXetema015778fe47223810f12fa" type="webcontent" href="concepto.html"> 
    <file href="concepto.html"/>
    <file href="base.css"/>
    <file href="content.css"/>
    <file href="exe_jquery.js"/>
    <file href="common.js"/>
</resource>
<resource identifier="RES-eXetema015778fe47223810f12fc" type="webcontent" href="caractersticas_generales.html"> 
    <file href="caractersticas_generales.html"/>
    <file href="base.css"/>
    <file href="content.css"/>
    <file href="exe_jquery.js"/>
</resource>
<resource identifier="RES-eXetema015778fe47223810f12fe" type="webcontent" href="ventajas_para_el_tratamiento_de_la_informacin.html"> 
    <file href="ventajas_para_el_tratamiento_de_la_informacin.html"/>
    <file href="base.css"/>
    <file href="content.css"/>
    <file href="exe_jquery.js"/>
</resource>
<resource identifier="RES-eXetema015778fe47223810f12f10" type="webcontent" href="identificacin_y_clasificacin.html"> 
    <file href="identificacin_y_clasificacin.html"/>
    <file href="base.css"/>
    <file href="content.css"/>
    <file href="exe_jquery.js"/>
    <file href="common.js"/>
</resource>
<resource identifier="RES-eXetema015778fe47223810f12f12" type="webcontent" href="clasificacin.html"> 
    <file href="clasificacin.html"/>
    <file href="base.css"/>
    <file href="content.css"/>
    <file href="exe_jquery.js"/>
    <file href="common.js"/>
</resource>
<resource identifier="RES-eXetema015778fe47223810f12f14" type="webcontent" href="utilizacin_en_distintos_mbitos.html"> 
    <file href="utilizacin_en_distintos_mbitos.html"/>
    <file href="base.css"/>
    <file href="content.css"/>
    <file href="exe_jquery.js"/>
</resource>
<resource identifier="RES-eXetema015778fe47223810f13016" type="webcontent" href="ejemplos_de_lenguajes_de_marcas.html"> 
    <file href="ejemplos_de_lenguajes_de_marcas.html"/>
    <file href="base.css"/>
    <file href="content.css"/>
    <file href="exe_jquery.js"/>
</resource>
<resource identifier="RES-eXetema015778fe47223810f13018" type="webcontent" href="html.html"> 
    <file href="html.html"/>
    <file href="base.css"/>
    <file href="content.css"/>
    <file href="exe_jquery.js"/>
</resource>
<resource identifier="RES-eXetema015778fe47223810f1301a" type="webcontent" href="xml.html"> 
    <file href="xml.html"/>
    <file href="base.css"/>
    <file href="content.css"/>
    <file href="exe_jquery.js"/>
</resource>
<resource identifier="RES-eXetema015778fe47223810f1301c" type="webcontent" href="xhtml.html"> 
    <file href="xhtml.html"/>
    <file href="base.css"/>
    <file href="content.css"/>
    <file href="exe_jquery.js"/>
</resource>
<resource identifier="RES-eXetema015778fe47223810f1301e" type="webcontent" href="json.html"> 
    <file href="json.html"/>
    <file href="base.css"/>
    <file href="content.css"/>
    <file href="exe_jquery.js"/>
</resource>
<resource identifier="RES-eXetema015778fe47223810f13020" type="webcontent" href="xml2.html"> 
    <file href="xml2.html"/>
    <file href="base.css"/>
    <file href="content.css"/>
    <file href="exe_jquery.js"/>
    <file href="common.js"/>
</resource>
<resource identifier="RES-eXetema015778fe47223810f13022" type="webcontent" href="caractersticas_y_etiquetas.html"> 
    <file href="caractersticas_y_etiquetas.html"/>
    <file href="base.css"/>
    <file href="content.css"/>
    <file href="exe_jquery.js"/>
</resource>
<resource identifier="RES-eXetema015778fe47223810f13024" type="webcontent" href="xml_est_bien_formado.html"> 
    <file href="xml_est_bien_formado.html"/>
    <file href="base.css"/>
    <file href="content.css"/>
    <file href="exe_jquery.js"/>
</resource>
<resource identifier="RES-eXetema015778fe47223810f13026" type="webcontent" href="xml_es_jerrquico.html"> 
    <file href="xml_es_jerrquico.html"/>
    <file href="base.css"/>
    <file href="content.css"/>
    <file href="exe_jquery.js"/>
</resource>
<resource identifier="RES-eXetema015778fe47223810f13028" type="webcontent" href="espacios_de_nombres.html"> 
    <file href="espacios_de_nombres.html"/>
    <file href="base.css"/>
    <file href="content.css"/>
    <file href="exe_jquery.js"/>
</resource>
<resource identifier="RES-eXetema015778fe47223810f1302a" type="webcontent" href="declaracin_de_un_documento.html"> 
    <file href="declaracin_de_un_documento.html"/>
    <file href="base.css"/>
    <file href="content.css"/>
    <file href="exe_jquery.js"/>
</resource>
<resource identifier="RES-eXetema015778fe47223810f1302c" type="webcontent" href="tecnologas_xml.html"> 
    <file href="tecnologas_xml.html"/>
    <file href="base.css"/>
    <file href="content.css"/>
    <file href="exe_jquery.js"/>
    <file href="common.js"/>
</resource>
<resource identifier="RES-eXetema015778fe47223810f1312e" type="webcontent" href="herramientas_de_edicin.html"> 
    <file href="herramientas_de_edicin.html"/>
    <file href="base.css"/>
    <file href="content.css"/>
    <file href="exe_jquery.js"/>
    <file href="tabla.gif"/>
</resource>
<resource identifier="RES-eXetema015778fe47223810f13130" type="webcontent" href="esquemas_xml.html"> 
    <file href="esquemas_xml.html"/>
    <file href="base.css"/>
    <file href="content.css"/>
    <file href="exe_jquery.js"/>
</resource>
<resource identifier="RES-eXetema015778fe47223810f13132" type="webcontent" href="dtd.html"> 
    <file href="dtd.html"/>
    <file href="base.css"/>
    <file href="content.css"/>
    <file href="exe_jquery.js"/>
</resource>
<resource identifier="RES-eXetema015778fe47223810f13134" type="webcontent" href="xmlschema.html"> 
    <file href="xmlschema.html"/>
    <file href="base.css"/>
    <file href="content.css"/>
    <file href="exe_jquery.js"/>
</resource>
<resource identifier="RES-eXetema015778fe47223810f13136" type="webcontent" href="json2.html"> 
    <file href="json2.html"/>
    <file href="base.css"/>
    <file href="content.css"/>
    <file href="exe_jquery.js"/>
    <file href="common.js"/>
</resource>
<resource identifier="RES-eXetema015778fe47223810f13138" type="webcontent" href="conceptos_y_terminologa.html"> 
    <file href="conceptos_y_terminologa.html"/>
    <file href="base.css"/>
    <file href="content.css"/>
    <file href="exe_jquery.js"/>
    <file href="common.js"/>
</resource>
<resource identifier="RES-eXetema015778fe47223810f1313a" type="webcontent" href="estructuras_json.html"> 
    <file href="estructuras_json.html"/>
    <file href="base.css"/>
    <file href="content.css"/>
    <file href="exe_jquery.js"/>
</resource>
<resource identifier="RES-eXetema015778fe47223810f1313c" type="webcontent" href="objetos_de_datos_clavevalor.html"> 
    <file href="objetos_de_datos_clavevalor.html"/>
    <file href="base.css"/>
    <file href="content.css"/>
    <file href="exe_jquery.js"/>
</resource>
<resource identifier="RES-eXetema015778fe47223810f1313e" type="webcontent" href="arrays_de_datos.html"> 
    <file href="arrays_de_datos.html"/>
    <file href="base.css"/>
    <file href="content.css"/>
    <file href="exe_jquery.js"/>
</resource>
<resource identifier="RES-eXetema015778fe47223810f13240" type="webcontent" href="json_schema.html"> 
    <file href="json_schema.html"/>
    <file href="base.css"/>
    <file href="content.css"/>
    <file href="exe_jquery.js"/>
</resource>
<resource identifier="RES-eXetema015778fe47223810f13242" type="webcontent" href="autoevaluacin.html"> 
    <file href="autoevaluacin.html"/>
    <file href="base.css"/>
    <file href="content.css"/>
    <file href="exe_jquery.js"/>
    <file href="common.js"/>
</resource>
</resources>
</manifest>
