<?xml version="1.0" encoding="UTF-8" standalone="yes"?>
<clientes>
    <cliente dni="12345678">
        <nombre>Pepe</nombre>
        <apellidos>Pérez Martínez</apellidos>
        <email>pepe@sincorreo.es</email>
        <telefono>+1555123456</telefono>
        <direccion>
            <codPos>23008</codPos>
            <tipoVia>Calle</tipoVia>
            <nombreVia>Virgen de la Capilla</nombreVia>
            <numVia>1</numVia>
            <planta>2º</planta>
            <portal></portal>
            <puerta>A</puerta>
        </direccion>
    </cliente>
    <cliente dni="87654321">
        <nombre>Juan</nombre>
        <apellidos>García Pérez</apellidos>
        <email>juan@sincorreo.es</email>
        <telefono>+1555654321</telefono>
        <direccion>
            <codPos>23008</codPos>
            <tipoVia>Paseo</tipoVia>
            <nombreVia>de la Estación</nombreVia>
            <numVia>44</numVia>
            <planta></planta>
            <portal></portal>
            <puerta></puerta>
        </direccion>
    </cliente>
</clientes>
